{
  "dataset": "GDELT",
  "num_nodes": 16682,
  "gpu": "NVIDIA GeForce RTX 4090",
  "config": "config/TGN.yml",
  "use_memory": true,
  "ablation_embed_dim": [
    {
      "n_batches": 79,
      "tgl_ms": 23.319612386860424,
      "recompute_ms": 20.629759830764577,
      "fixed_ms": 2.6898525560958477,
      "ap": 0.9827958905161673,
      "auc": 0.9853144345238095,
      "avg_dirty_per_batch": 1328.095238095238,
      "affected_ratio": 0.07961247081256673,
      "batch_root_affected": 0.30052631057735435,
      "tgl_refresh_ms": 191.19202972045258,
      "stream_refresh_ms": 15.221269885714921,
      "speedup_index": 12.560846181427035,
      "speedup_batch": 2.6232352713413043,
      "embed_dim": 50,
      "tgl_per_batch_ms": 23.319612386860424
    },
    {
      "n_batches": 79,
      "tgl_ms": 27.405540871469277,
      "recompute_ms": 26.56450688461714,
      "fixed_ms": 0.8410339868521388,
      "ap": 0.9829464184262064,
      "auc": 0.9852345403439153,
      "avg_dirty_per_batch": 1327.392857142857,
      "affected_ratio": 0.0795703666912155,
      "batch_root_affected": 0.3015085868808234,
      "tgl_refresh_ms": 246.1939465828795,
      "stream_refresh_ms": 19.589742606757245,
      "speedup_index": 12.567492668227192,
      "speedup_batch": 3.096510014884783,
      "embed_dim": 100,
      "tgl_per_batch_ms": 27.405540871469277
    },
    {
      "n_batches": 79,
      "tgl_ms": 23.48541374070735,
      "recompute_ms": 20.907007157802582,
      "fixed_ms": 2.5784065829047673,
      "ap": 0.9832118946601169,
      "auc": 0.9853877976190475,
      "avg_dirty_per_batch": 1327.8690476190477,
      "affected_ratio": 0.07959891185823328,
      "batch_root_affected": 0.30272783321103913,
      "tgl_refresh_ms": 193.7614963369237,
      "stream_refresh_ms": 15.423204268442182,
      "speedup_index": 12.562985807909198,
      "speedup_batch": 2.6365769790752314,
      "embed_dim": 150,
      "tgl_per_batch_ms": 23.48541374070735
    },
    {
      "n_batches": 79,
      "tgl_ms": 27.09381442658509,
      "recompute_ms": 25.223063328598123,
      "fixed_ms": 1.87075109798697,
      "ap": 0.9758005879114923,
      "auc": 0.9820138062169312,
      "avg_dirty_per_batch": 1325.9285714285713,
      "affected_ratio": 0.07948259030263585,
      "batch_root_affected": 0.2986358833822804,
      "tgl_refresh_ms": 233.76174580426328,
      "stream_refresh_ms": 18.579989070189164,
      "speedup_index": 12.581371545547595,
      "speedup_batch": 2.8813205292821067,
      "embed_dim": 200,
      "tgl_per_batch_ms": 27.09381442658509
    }
  ]
}