{
  "dataset": "Stack-Overflow",
  "num_nodes": 2584164,
  "gpu": "NVIDIA GeForce RTX 4090",
  "config": "config/TGN.yml",
  "use_memory": true,
  "ablation_embed_dim": [
    {
      "n_batches": 79,
      "tgl_ms": 18.54817267460159,
      "recompute_ms": 15.989823903464064,
      "fixed_ms": 2.5583487711375272,
      "ap": 0.9774886130625335,
      "auc": 0.9681426256613758,
      "avg_dirty_per_batch": 3499.809523809524,
      "affected_ratio": 0.0013543294944939731,
      "batch_root_affected": 0.24007656657869347,
      "tgl_refresh_ms": 22955.73738759517,
      "stream_refresh_ms": 31.08963221187817,
      "speedup_index": 738.3727549798629,
      "speedup_batch": 2.8994518435935297,
      "embed_dim": 50,
      "tgl_per_batch_ms": 18.54817267460159
    },
    {
      "n_batches": 79,
      "tgl_ms": 19.342000442969645,
      "recompute_ms": 16.57085639389255,
      "fixed_ms": 2.7711440490770944,
      "ap": 0.979080122411011,
      "auc": 0.9712074074074075,
      "avg_dirty_per_batch": 3501.4166666666665,
      "affected_ratio": 0.0013549514143323205,
      "batch_root_affected": 0.240222545817658,
      "tgl_refresh_ms": 23789.89474570386,
      "stream_refresh_ms": 32.234151532508484,
      "speedup_index": 738.0338434443202,
      "speedup_batch": 2.8647017717207564,
      "embed_dim": 100,
      "tgl_per_batch_ms": 19.342000442969645
    },
    {
      "n_batches": 79,
      "tgl_ms": 19.853841088995154,
      "recompute_ms": 16.99343493467645,
      "fixed_ms": 2.860406154318701,
      "ap": 0.9796721201181804,
      "auc": 0.9718645998677248,
      "avg_dirty_per_batch": 3497.440476190476,
      "affected_ratio": 0.0013534127385841132,
      "batch_root_affected": 0.24019765819568953,
      "tgl_refresh_ms": 24396.56821918513,
      "stream_refresh_ms": 33.01862620558149,
      "speedup_index": 738.8729036540326,
      "speedup_batch": 2.859881783441166,
      "embed_dim": 150,
      "tgl_per_batch_ms": 19.853841088995154
    },
    {
      "n_batches": 79,
      "tgl_ms": 22.021849132791345,
      "recompute_ms": 20.169271509858625,
      "fixed_ms": 1.8525776229327238,
      "ap": 0.979468083507709,
      "auc": 0.9722290178571426,
      "avg_dirty_per_batch": 3500.4761904761904,
      "affected_ratio": 0.0013545874760565468,
      "batch_root_affected": 0.2402365351426564,
      "tgl_refresh_ms": 28955.9474122235,
      "stream_refresh_ms": 39.22336372194993,
      "speedup_index": 738.2321316827642,
      "speedup_batch": 3.2878375891806226,
      "embed_dim": 200,
      "tgl_per_batch_ms": 22.021849132791345
    }
  ]
}