{
  "dataset": "REDDIT",
  "num_nodes": 10985,
  "gpu": "NVIDIA GeForce RTX 4090",
  "config": "config/TGN.yml",
  "use_memory": true,
  "ablation_embed_dim": [
    {
      "n_batches": 164,
      "tgl_ms": 20.33513652660498,
      "recompute_ms": 19.28644404723877,
      "fixed_ms": 1.0486924793662094,
      "ap": 0.9920217788952103,
      "auc": 0.9938624542383464,
      "avg_dirty_per_batch": 2440.7218934911243,
      "affected_ratio": 0.22218679048621978,
      "batch_root_affected": 0.38507202296567467,
      "tgl_refresh_ms": 117.70088214384327,
      "stream_refresh_ms": 26.151581240937354,
      "speedup_index": 4.500717607071339,
      "speedup_batch": 2.3993235116405023,
      "embed_dim": 50,
      "tgl_per_batch_ms": 20.33513652660498
    },
    {
      "n_batches": 164,
      "tgl_ms": 21.51045434903808,
      "recompute_ms": 17.980079053015245,
      "fixed_ms": 3.530375296022834,
      "ap": 0.9953616013690565,
      "auc": 0.9963562429946005,
      "avg_dirty_per_batch": 2438.1597633136093,
      "affected_ratio": 0.22195355150783883,
      "batch_root_affected": 0.38360599642584486,
      "tgl_refresh_ms": 109.72842688742917,
      "stream_refresh_ms": 24.354614049033135,
      "speedup_index": 4.505447167691221,
      "speedup_batch": 2.062830265027604,
      "embed_dim": 100,
      "tgl_per_batch_ms": 21.51045434903808
    },
    {
      "n_batches": 164,
      "tgl_ms": 22.401866026040985,
      "recompute_ms": 21.34020744663913,
      "fixed_ms": 1.0616585794018536,
      "ap": 0.9928600821002721,
      "auc": 0.9944425284635436,
      "avg_dirty_per_batch": 2440.627218934911,
      "affected_ratio": 0.2221781719558408,
      "batch_root_affected": 0.3838587182243855,
      "tgl_refresh_ms": 130.23454377851715,
      "stream_refresh_ms": 28.935272862213857,
      "speedup_index": 4.500892194750598,
      "speedup_batch": 2.420964041090768,
      "embed_dim": 150,
      "tgl_per_batch_ms": 22.401866026040985
    },
    {
      "n_batches": 164,
      "tgl_ms": 21.084103824161904,
      "recompute_ms": 19.664470106363297,
      "fixed_ms": 1.4196337177986051,
      "ap": 0.9595677729869372,
      "auc": 0.9654461228568954,
      "avg_dirty_per_batch": 2443.6508875739646,
      "affected_ratio": 0.22245342626981926,
      "batch_root_affected": 0.38581146055822846,
      "tgl_refresh_ms": 120.00789117688934,
      "stream_refresh_ms": 26.69616657171465,
      "speedup_index": 4.495322984088702,
      "speedup_batch": 2.341010453665834,
      "embed_dim": 200,
      "tgl_per_batch_ms": 21.084103824161904
    }
  ]
}