{
  "dataset": "MOOC",
  "num_nodes": 7047,
  "gpu": "NVIDIA GeForce RTX 4090",
  "config": "config/TGN.yml",
  "use_memory": true,
  "ablation_embed_dim": [
    {
      "n_batches": 98,
      "tgl_ms": 22.373172245463543,
      "recompute_ms": 20.169910195530676,
      "fixed_ms": 2.203262049932869,
      "ap": 0.9924917666738012,
      "auc": 0.9953092694292179,
      "avg_dirty_per_batch": 814.757281553398,
      "affected_ratio": 0.11561760771298396,
      "batch_root_affected": 0.2623025528986169,
      "tgl_refresh_ms": 78.9651984155026,
      "stream_refresh_ms": 9.129767333381523,
      "speedup_index": 8.64920162059104,
      "speedup_batch": 2.985525428998812,
      "embed_dim": 50,
      "tgl_per_batch_ms": 22.373172245463543
    },
    {
      "n_batches": 98,
      "tgl_ms": 23.498642809536992,
      "recompute_ms": 20.730929183108465,
      "fixed_ms": 2.7677136264285265,
      "ap": 0.9932702438279165,
      "auc": 0.9959166795257487,
      "avg_dirty_per_batch": 813.8932038834952,
      "affected_ratio": 0.11549499132730172,
      "batch_root_affected": 0.2633481877453994,
      "tgl_refresh_ms": 81.16158775186963,
      "stream_refresh_ms": 9.373756873512221,
      "speedup_index": 8.658384129975783,
      "speedup_batch": 2.856225591566186,
      "embed_dim": 100,
      "tgl_per_batch_ms": 23.498642809536992
    },
    {
      "n_batches": 98,
      "tgl_ms": 20.640682200996245,
      "recompute_ms": 19.001860779767135,
      "fixed_ms": 1.6388214212291095,
      "ap": 0.9935438088519414,
      "auc": 0.9961420557823889,
      "avg_dirty_per_batch": 813.8834951456311,
      "affected_ratio": 0.11549361361510303,
      "batch_root_affected": 0.2633555349857098,
      "tgl_refresh_ms": 74.39228495278833,
      "stream_refresh_ms": 8.591833814281978,
      "speedup_index": 8.658487415006562,
      "speedup_batch": 3.1071014852805825,
      "embed_dim": 150,
      "tgl_per_batch_ms": 20.640682200996245
    },
    {
      "n_batches": 98,
      "tgl_ms": 18.458007777831995,
      "recompute_ms": 16.240833593266352,
      "fixed_ms": 2.2171741845656414,
      "ap": 0.9945409305335012,
      "auc": 0.9965000375888786,
      "avg_dirty_per_batch": 813.3786407766991,
      "affected_ratio": 0.11542197258077183,
      "batch_root_affected": 0.26322417503954887,
      "tgl_refresh_ms": 63.58286351763777,
      "stream_refresh_ms": 7.338859529539744,
      "speedup_index": 8.663861634319272,
      "speedup_batch": 2.843125283736709,
      "embed_dim": 200,
      "tgl_per_batch_ms": 18.458007777831995
    }
  ]
}