{
  "dataset": "WIKI",
  "num_nodes": 9228,
  "gpu": "NVIDIA GeForce RTX 4090",
  "config": "config/TGN.yml",
  "use_memory": true,
  "ablation_embed_dim": [
    {
      "n_batches": 35,
      "tgl_ms": 21.75664348261697,
      "recompute_ms": 20.818871685436793,
      "fixed_ms": 0.9377717971801758,
      "ap": 0.9541791002040474,
      "auc": 0.9520116073550172,
      "avg_dirty_per_batch": 1606.95,
      "affected_ratio": 0.17413849154746425,
      "batch_root_affected": 0.3242035732480883,
      "tgl_refresh_ms": 106.73141550733929,
      "stream_refresh_ms": 18.586047697173697,
      "speedup_index": 5.74255577335947,
      "speedup_batch": 2.8301971378888595,
      "embed_dim": 50,
      "tgl_per_batch_ms": 21.75664348261697
    },
    {
      "n_batches": 35,
      "tgl_ms": 15.748012278761184,
      "recompute_ms": 14.674750183309829,
      "fixed_ms": 1.073262095451355,
      "ap": 0.9722995233580394,
      "auc": 0.9755203643362874,
      "avg_dirty_per_batch": 1600.45,
      "affected_ratio": 0.17343411356740357,
      "batch_root_affected": 0.3232129258022429,
      "tgl_refresh_ms": 75.23255260643505,
      "stream_refresh_ms": 13.04789107271012,
      "speedup_index": 5.7658783467149854,
      "speedup_batch": 2.707550890228591,
      "embed_dim": 100,
      "tgl_per_batch_ms": 15.748012278761184
    },
    {
      "n_batches": 35,
      "tgl_ms": 19.80143785476685,
      "recompute_ms": 18.841631284781865,
      "fixed_ms": 0.9598065699849809,
      "ap": 0.9792935680284482,
      "auc": 0.9826629925328845,
      "avg_dirty_per_batch": 1602.25,
      "affected_ratio": 0.17362917208495882,
      "batch_root_affected": 0.322346575491308,
      "tgl_refresh_ms": 96.59476305331503,
      "stream_refresh_ms": 16.771668736689858,
      "speedup_index": 5.759400842565143,
      "speedup_batch": 2.8153668854415295,
      "embed_dim": 150,
      "tgl_per_batch_ms": 19.80143785476685
    },
    {
      "n_batches": 35,
      "tgl_ms": 23.011528168405807,
      "recompute_ms": 21.953109545367106,
      "fixed_ms": 1.0584186230387007,
      "ap": 0.9849671929528654,
      "auc": 0.9870554621750227,
      "avg_dirty_per_batch": 1602.7,
      "affected_ratio": 0.17367793671434764,
      "batch_root_affected": 0.3224487268753681,
      "tgl_refresh_ms": 112.54627493591536,
      "stream_refresh_ms": 19.54680481575548,
      "speedup_index": 5.757783739938853,
      "speedup_batch": 2.827951950545396,
      "embed_dim": 200,
      "tgl_per_batch_ms": 23.011528168405807
    }
  ]
}