{
  "dataset": "Stack-Overflow",
  "num_nodes": 2584164,
  "test_edges": 50000,
  "batch_size": 600,
  "gnn_arch": "transformer_attention",
  "gnn_layers": 1,
  "emb_dim": 100,
  "memory_dim": 100,
  "sample_neighbors": [
    10
  ],
  "results": [
    {
      "full_auc": 0.9708910784,
      "full_ap": 0.9789979976795522,
      "incr_auc": 0.9708910784,
      "incr_ap": 0.9789979976795522,
      "auc_gap": 0.0,
      "elapsed_s": 4.05127689614892,
      "rebuild_count": 0,
      "avg_root_reuse": 0.3503505291005291,
      "avg_nb_dirty": 0.941680371916336,
      "avg_attn_save": 0.012961977686496833,
      "avg_emb_error": 0.0,
      "max_emb_error": 0.0,
      "avg_dirty_set": 44498.02380952381,
      "avg_cache_hits": 0.0,
      "strategy": "no_rebuild",
      "batch_stats_summary": {
        "n_batches": 84,
        "first_batch": {
          "n_roots": 1800,
          "n_clean_roots": 1800,
          "n_dirty_roots": 0,
          "root_reuse_ratio": 1.0,
          "n_neighbors": 8547,
          "n_dirty_neighbors": 0,
          "neighbor_dirty_ratio": 0.0,
          "total_attn_edges": 8547,
          "skippable_attn_edges": 8547,
          "attention_savings": 1.0,
          "n_cache_hits": 0,
          "mean_emb_error": 0.0,
          "max_emb_error": 0.0,
          "dirty_set_size": 0,
          "cache_size": 1225
        },
        "last_batch": {
          "n_roots": 600,
          "n_clean_roots": 211,
          "n_dirty_roots": 389,
          "root_reuse_ratio": 0.3516666666666667,
          "n_neighbors": 2929,
          "n_dirty_neighbors": 2908,
          "neighbor_dirty_ratio": 0.9928303175145101,
          "total_attn_edges": 2929,
          "skippable_attn_edges": 0,
          "attention_savings": 0.0,
          "n_cache_hits": 0,
          "mean_emb_error": 0.0,
          "max_emb_error": 0.0,
          "dirty_set_size": 77395,
          "cache_size": 63941
        }
      }
    },
    {
      "full_auc": 0.9708044036000001,
      "full_ap": 0.97899204257149,
      "incr_auc": 0.9708044036000001,
      "incr_ap": 0.97899204257149,
      "auc_gap": 0.0,
      "elapsed_s": 3.4263813979923725,
      "rebuild_count": 16,
      "avg_root_reuse": 0.4883201058201059,
      "avg_nb_dirty": 0.6098843531586073,
      "avg_attn_save": 0.21371921069059374,
      "avg_emb_error": 0.0,
      "max_emb_error": 0.0,
      "avg_dirty_set": 5210.321428571428,
      "avg_cache_hits": 0.0,
      "strategy": "periodic_3000"
    },
    {
      "full_auc": 0.9710363696,
      "full_ap": 0.9791110679431303,
      "incr_auc": 0.9710363696,
      "incr_ap": 0.9791110679431303,
      "auc_gap": 0.0,
      "elapsed_s": 3.4915418215095997,
      "rebuild_count": 8,
      "avg_root_reuse": 0.422718253968254,
      "avg_nb_dirty": 0.7380642083157627,
      "avg_attn_save": 0.11395005641274082,
      "avg_emb_error": 0.0,
      "max_emb_error": 0.0,
      "avg_dirty_set": 9181.190476190477,
      "avg_cache_hits": 0.0,
      "strategy": "periodic_6000"
    },
    {
      "full_auc": 0.9706402898,
      "full_ap": 0.978601202737283,
      "incr_auc": 0.9706402898,
      "incr_ap": 0.978601202737283,
      "auc_gap": 0.0,
      "elapsed_s": 3.6441467441618443,
      "rebuild_count": 4,
      "avg_root_reuse": 0.38789021164021165,
      "avg_nb_dirty": 0.8258152555165427,
      "avg_attn_save": 0.06337642905377076,
      "avg_emb_error": 0.0,
      "max_emb_error": 0.0,
      "avg_dirty_set": 15202.642857142857,
      "avg_cache_hits": 0.0,
      "strategy": "periodic_12000"
    },
    {
      "full_auc": 0.9709640716000001,
      "full_ap": 0.9790886014252036,
      "incr_auc": 0.9709640716000001,
      "incr_ap": 0.9790886014252036,
      "auc_gap": 0.0,
      "elapsed_s": 3.6804439425468445,
      "rebuild_count": 1,
      "avg_root_reuse": 0.36136904761904765,
      "avg_nb_dirty": 0.9034998967944015,
      "avg_attn_save": 0.025991378365193305,
      "avg_emb_error": 0.0,
      "max_emb_error": 0.0,
      "avg_dirty_set": 27526.988095238095,
      "avg_cache_hits": 0.0,
      "strategy": "periodic_30000"
    },
    {
      "full_auc": 0.9709661315999999,
      "full_ap": 0.9789965945540928,
      "incr_auc": 0.9709661315999999,
      "incr_ap": 0.9789965945540928,
      "auc_gap": 0.0,
      "elapsed_s": 3.5866310335695744,
      "rebuild_count": 24,
      "avg_root_reuse": 0.5532407407407408,
      "avg_nb_dirty": 0.5194740994736117,
      "avg_attn_save": 0.31160568567069497,
      "avg_emb_error": 0.0,
      "max_emb_error": 0.0,
      "avg_dirty_set": 4159.25,
      "avg_cache_hits": 0.0,
      "strategy": "drift_aware_0.005"
    },
    {
      "full_auc": 0.970857866,
      "full_ap": 0.9789443688101027,
      "incr_auc": 0.970857866,
      "incr_ap": 0.9789443688101027,
      "auc_gap": 0.0,
      "elapsed_s": 3.669100198894739,
      "rebuild_count": 15,
      "avg_root_reuse": 0.47985449735449737,
      "avg_nb_dirty": 0.6380185012753413,
      "avg_attn_save": 0.2009477080741672,
      "avg_emb_error": 0.0,
      "max_emb_error": 0.0,
      "avg_dirty_set": 6829.785714285715,
      "avg_cache_hits": 0.0,
      "strategy": "drift_aware_0.01"
    },
    {
      "full_auc": 0.9708268058,
      "full_ap": 0.9788694358659391,
      "incr_auc": 0.9708268058,
      "incr_ap": 0.9788694358659391,
      "auc_gap": 0.0,
      "elapsed_s": 3.5449208170175552,
      "rebuild_count": 5,
      "avg_root_reuse": 0.3972354497354497,
      "avg_nb_dirty": 0.8062578636133887,
      "avg_attn_save": 0.07720863309055906,
      "avg_emb_error": 0.0,
      "max_emb_error": 0.0,
      "avg_dirty_set": 15200.488095238095,
      "avg_cache_hits": 0.0,
      "strategy": "drift_aware_0.02"
    },
    {
      "full_auc": 0.9708307332000001,
      "full_ap": 0.978945740966138,
      "incr_auc": 0.9708307332000001,
      "incr_ap": 0.978945740966138,
      "auc_gap": 0.0,
      "elapsed_s": 3.769951965659857,
      "rebuild_count": 0,
      "avg_root_reuse": 0.3504298941798941,
      "avg_nb_dirty": 0.9415550776565782,
      "avg_attn_save": 0.013015223897930523,
      "avg_emb_error": 0.0,
      "max_emb_error": 0.0,
      "avg_dirty_set": 44571.95238095238,
      "avg_cache_hits": 0.0,
      "strategy": "drift_aware_0.05"
    }
  ]
}