{
  "dataset": "WIKI",
  "num_nodes": 9228,
  "batch_size": 600,
  "test_edges": 23621,
  "gpu": "NVIDIA GeForce RTX 4090",
  "gnn": "transformer_attention_L1",
  "results": [
    {
      "n_batches": 35,
      "rebuild_interval": 0,
      "rebuild_count": 0,
      "avg_affected_ratio": 0.9583877037994682,
      "T_sample": 0.3749266602098942,
      "T_mfg": 0.04401852935552597,
      "T_mail": 0.07224681973457336,
      "T_embed": 0.13005444034934044,
      "T_predict": 0.007967911660671234,
      "T_update": 0.02224799245595932,
      "T_tgl_total": 0.6514623537659645,
      "T_stream_total": 0.15485848057195983,
      "T_stream_embed": 0.1246425764553293,
      "speedup": 4.206823877903426,
      "eliminated_pct": 76.22909755617403,
      "avg_sample_ms": 10.712190291711263,
      "avg_mfg_ms": 1.2576722673007419,
      "avg_mail_ms": 2.064194849559239,
      "avg_embed_ms": 3.715841152838298,
      "avg_predict_ms": 0.22765461887632096,
      "avg_update_ms": 0.6356569273131234,
      "avg_total_ms": 18.613210107598988,
      "affected_p25": 0.9411111111111111,
      "affected_p50": 0.9694444444444444,
      "affected_p75": 0.985,
      "label": "no_rebuild"
    },
    {
      "n_batches": 35,
      "rebuild_interval": 3000,
      "rebuild_count": 7,
      "avg_affected_ratio": 0.6425456438985852,
      "T_sample": 0.2566054239869118,
      "T_mfg": 0.10431057587265968,
      "T_mail": 0.008536040782928467,
      "T_embed": 0.13646149262785912,
      "T_predict": 0.00814213976264,
      "T_update": 0.02091183140873909,
      "T_tgl_total": 0.5349675044417381,
      "T_stream_total": 0.11673670881930885,
      "T_stream_embed": 0.08768273764792976,
      "speedup": 4.5826844859039895,
      "eliminated_pct": 78.17872901623647,
      "avg_sample_ms": 7.331583542483194,
      "avg_mfg_ms": 2.980302167790277,
      "avg_mail_ms": 0.24388687951224192,
      "avg_embed_ms": 3.8988997893674036,
      "avg_predict_ms": 0.23263256464685714,
      "avg_update_ms": 0.5974808973925454,
      "avg_total_ms": 15.28478584119252,
      "affected_p25": 0.6772222222222222,
      "affected_p50": 0.8,
      "affected_p75": 0.8447222222222222,
      "label": "rebuild_3000"
    },
    {
      "n_batches": 35,
      "rebuild_interval": 6000,
      "rebuild_count": 3,
      "avg_affected_ratio": 0.792450693097752,
      "T_sample": 0.5453142672777176,
      "T_mfg": 0.04390279948711395,
      "T_mail": 0.008967865258455276,
      "T_embed": 0.13430211320519447,
      "T_predict": 0.007914919406175613,
      "T_update": 0.019947335124015808,
      "T_tgl_total": 0.7603492997586727,
      "T_stream_total": 0.13429005722414053,
      "T_stream_embed": 0.10642780269394911,
      "speedup": 5.661992521826026,
      "eliminated_pct": 82.3383729995197,
      "avg_sample_ms": 15.580407636506218,
      "avg_mfg_ms": 1.2543656996318273,
      "avg_mail_ms": 0.25622472167015076,
      "avg_embed_ms": 3.837203234434128,
      "avg_predict_ms": 0.2261405544621604,
      "avg_update_ms": 0.569923860686166,
      "avg_total_ms": 21.72426570739065,
      "affected_p25": 0.8049999999999999,
      "affected_p50": 0.8872222222222222,
      "affected_p75": 0.9152777777777779,
      "label": "rebuild_6000"
    },
    {
      "n_batches": 35,
      "rebuild_interval": 12000,
      "rebuild_count": 1,
      "avg_affected_ratio": 0.8911244703009409,
      "T_sample": 0.19774386286735535,
      "T_mfg": 0.034353263676166534,
      "T_mail": 0.007280491292476654,
      "T_embed": 0.18557949736714363,
      "T_predict": 0.007426511496305466,
      "T_update": 0.08691186457872391,
      "T_tgl_total": 0.5192954912781715,
      "T_stream_total": 0.2597128073650401,
      "T_stream_embed": 0.16537443129001073,
      "speedup": 1.9994989717556526,
      "eliminated_pct": 49.987471155238765,
      "avg_sample_ms": 5.64982465335301,
      "avg_mfg_ms": 0.9815218193190438,
      "avg_mail_ms": 0.2080140369279044,
      "avg_embed_ms": 5.302271353346961,
      "avg_predict_ms": 0.21218604275158476,
      "avg_update_ms": 2.4831961308206827,
      "avg_total_ms": 14.837014036519186,
      "affected_p25": 0.8969444444444445,
      "affected_p50": 0.9333333333333333,
      "affected_p75": 0.95,
      "label": "rebuild_12000"
    },
    {
      "n_batches": 35,
      "rebuild_interval": 30000,
      "rebuild_count": 0,
      "avg_affected_ratio": 0.9600679451267686,
      "T_sample": 0.32120510935783386,
      "T_mfg": 0.03871919959783554,
      "T_mail": 0.07217101380228996,
      "T_embed": 0.2595708705484867,
      "T_predict": 0.008923038840293884,
      "T_update": 0.023323889821767807,
      "T_tgl_total": 0.7239131219685078,
      "T_stream_total": 0.2814526009643138,
      "T_stream_embed": 0.2492056723022521,
      "speedup": 2.5720605156542677,
      "eliminated_pct": 61.120665944143816,
      "avg_sample_ms": 9.177288838795253,
      "avg_mfg_ms": 1.1062628456524441,
      "avg_mail_ms": 2.0620289657797133,
      "avg_embed_ms": 7.416310587099621,
      "avg_predict_ms": 0.25494396686553955,
      "avg_update_ms": 0.6663968520505088,
      "avg_total_ms": 20.683232056243078,
      "affected_p25": 0.9502777777777778,
      "affected_p50": 0.9711111111111111,
      "affected_p75": 0.9838888888888888,
      "label": "rebuild_30000"
    }
  ]
}