{
  "dataset": "MOOC",
  "num_nodes": 7047,
  "batch_size": 600,
  "test_edges": 61763,
  "gpu": "NVIDIA GeForce RTX 4090",
  "gnn": "transformer_attention_L1",
  "results": [
    {
      "n_batches": 98,
      "rebuild_interval": 0,
      "rebuild_count": 0,
      "avg_affected_ratio": 0.9979875283446712,
      "T_sample": 0.2609870359301567,
      "T_mfg": 0.1554534249007702,
      "T_mail": 0.03431284800171852,
      "T_embed": 0.6637331880629063,
      "T_predict": 0.11695801839232445,
      "T_update": 0.06711907684803009,
      "T_tgl_total": 1.2985635921359062,
      "T_stream_total": 0.8464745390755832,
      "T_stream_embed": 0.6623974438352287,
      "speedup": 1.534084644239908,
      "eliminated_pct": 34.81454861341961,
      "avg_sample_ms": 2.6631330196954766,
      "avg_mfg_ms": 1.586259437762961,
      "avg_mail_ms": 0.3501311020583523,
      "avg_embed_ms": 6.772787633294962,
      "avg_predict_ms": 1.1934491672686167,
      "avg_update_ms": 0.6848885392656132,
      "avg_total_ms": 13.25064889934598,
      "affected_p25": 0.9990277777777778,
      "affected_p50": 1.0,
      "affected_p75": 1.0,
      "label": "no_rebuild"
    },
    {
      "n_batches": 98,
      "rebuild_interval": 3000,
      "rebuild_count": 20,
      "avg_affected_ratio": 0.7764928730521219,
      "T_sample": 0.2118675857782364,
      "T_mfg": 0.2777157127857208,
      "T_mail": 0.033322639763355255,
      "T_embed": 0.6362953260540962,
      "T_predict": 0.02708197385072708,
      "T_update": 0.0648854449391365,
      "T_tgl_total": 1.2511686831712723,
      "T_stream_total": 0.5860462046272454,
      "T_stream_embed": 0.49407878583738185,
      "speedup": 2.1349318079230253,
      "eliminated_pct": 53.16009643545229,
      "avg_sample_ms": 2.161914140594249,
      "avg_mfg_ms": 2.833833803935927,
      "avg_mail_ms": 0.3400269363607679,
      "avg_embed_ms": 6.492809449531594,
      "avg_predict_ms": 0.2763466719461947,
      "avg_update_ms": 0.6620963769299644,
      "avg_total_ms": 12.767027379298696,
      "affected_p25": 0.9501388888888889,
      "affected_p50": 0.975,
      "affected_p75": 0.9859722222222222,
      "label": "rebuild_3000"
    },
    {
      "n_batches": 98,
      "rebuild_interval": 6000,
      "rebuild_count": 10,
      "avg_affected_ratio": 0.8806109157695049,
      "T_sample": 0.3589504584670067,
      "T_mfg": 0.10561614483594894,
      "T_mail": 0.029725700616836548,
      "T_embed": 0.7266409061849117,
      "T_predict": 0.12543514370918274,
      "T_update": 0.11213810369372368,
      "T_tgl_total": 1.4585064575076103,
      "T_stream_total": 0.8774611612339844,
      "T_stream_embed": 0.639887913831078,
      "speedup": 1.6621891907517534,
      "eliminated_pct": 39.83837666831818,
      "avg_sample_ms": 3.6627597802755782,
      "avg_mfg_ms": 1.077715763632132,
      "avg_mail_ms": 0.30332347568200557,
      "avg_embed_ms": 7.414703124335834,
      "avg_predict_ms": 1.2799504460120688,
      "avg_update_ms": 1.1442663642216702,
      "avg_total_ms": 14.882718954159289,
      "affected_p25": 0.97,
      "affected_p50": 0.9819444444444445,
      "affected_p75": 0.9920833333333333,
      "label": "rebuild_6000"
    },
    {
      "n_batches": 98,
      "rebuild_interval": 12000,
      "rebuild_count": 5,
      "avg_affected_ratio": 0.9348872355336453,
      "T_sample": 0.6470848508179188,
      "T_mfg": 0.175375334918499,
      "T_mail": 0.08991041034460068,
      "T_embed": 0.6340989656746387,
      "T_predict": 0.027034301310777664,
      "T_update": 0.06307217106223106,
      "T_tgl_total": 1.636576034128666,
      "T_stream_total": 0.6829175014473156,
      "T_stream_embed": 0.5928110290743068,
      "speedup": 2.396447639224723,
      "eliminated_pct": 58.27156898268343,
      "avg_sample_ms": 6.602906640999171,
      "avg_mfg_ms": 1.7895442338622345,
      "avg_mail_ms": 0.9174531667816396,
      "avg_embed_ms": 6.470397608924886,
      "avg_predict_ms": 0.27586021745691497,
      "avg_update_ms": 0.6435935822676639,
      "avg_total_ms": 16.699755450292507,
      "affected_p25": 0.9751388888888889,
      "affected_p50": 0.9886111111111111,
      "affected_p75": 0.9970833333333333,
      "label": "rebuild_12000"
    },
    {
      "n_batches": 98,
      "rebuild_interval": 30000,
      "rebuild_count": 2,
      "avg_affected_ratio": 0.9743603972080247,
      "T_sample": 0.4702833332121372,
      "T_mfg": 0.2462308630347252,
      "T_mail": 0.07454623281955719,
      "T_embed": 0.43499865382909775,
      "T_predict": 0.026475917547941208,
      "T_update": 0.17066629230976105,
      "T_tgl_total": 1.4232012927532196,
      "T_stream_total": 0.6209876709875779,
      "T_stream_embed": 0.4238454611298757,
      "speedup": 2.291835022247469,
      "eliminated_pct": 56.36684184102578,
      "avg_sample_ms": 4.798809522572829,
      "avg_mfg_ms": 2.5125598268849507,
      "avg_mail_ms": 0.7606758450975224,
      "avg_embed_ms": 4.438761773766304,
      "avg_predict_ms": 0.27016242395858375,
      "avg_update_ms": 1.7414927786710312,
      "avg_total_ms": 14.522462170951218,
      "affected_p25": 0.9938888888888889,
      "affected_p50": 0.9983333333333333,
      "affected_p75": 1.0,
      "label": "rebuild_30000"
    }
  ]
}