{
  "dataset": "Stack-Overflow",
  "num_nodes": 2584164,
  "batch_size": 600,
  "test_edges": 50000,
  "gpu": "NVIDIA GeForce RTX 4090",
  "gnn": "transformer_attention_L1",
  "results": [
    {
      "n_batches": 79,
      "rebuild_interval": 0,
      "rebuild_count": 0,
      "avg_affected_ratio": 0.6478410689170182,
      "T_sample": 0.6894279606640339,
      "T_mfg": 0.0933992825448513,
      "T_mail": 0.0148482546210289,
      "T_embed": 0.2696804329752922,
      "T_predict": 0.019375678151845932,
      "T_update": 0.04974906146526337,
      "T_tgl_total": 1.1364806704223156,
      "T_stream_total": 0.24383479958182688,
      "T_stream_embed": 0.17471005996471758,
      "speedup": 4.66086330733498,
      "eliminated_pct": 78.54474731266498,
      "avg_sample_ms": 8.726936210937138,
      "avg_mfg_ms": 1.1822693993019153,
      "avg_mail_ms": 0.18795259013960633,
      "avg_embed_ms": 3.4136763667758507,
      "avg_predict_ms": 0.24526174875754342,
      "avg_update_ms": 0.6297349552564984,
      "avg_total_ms": 14.385831271168554,
      "affected_p25": 0.6433333333333333,
      "affected_p50": 0.6483333333333333,
      "affected_p75": 0.6516666666666666,
      "label": "no_rebuild"
    },
    {
      "n_batches": 79,
      "rebuild_interval": 3000,
      "rebuild_count": 16,
      "avg_affected_ratio": 0.4984880450070324,
      "T_sample": 0.48653561249375343,
      "T_mfg": 0.3388011306524277,
      "T_mail": 0.015153218060731888,
      "T_embed": 0.22494425252079964,
      "T_predict": 0.0743132121860981,
      "T_update": 0.1613508090376854,
      "T_tgl_total": 1.3010982349514961,
      "T_stream_total": 0.34779604189844515,
      "T_stream_embed": 0.11213202067466163,
      "speedup": 3.7409805696736793,
      "eliminated_pct": 73.2690405262589,
      "avg_sample_ms": 6.158678639161436,
      "avg_mfg_ms": 4.288621906992756,
      "avg_mail_ms": 0.19181288684470746,
      "avg_embed_ms": 2.8473956015291093,
      "avg_predict_ms": 0.9406735719759254,
      "avg_update_ms": 2.0424153042744986,
      "avg_total_ms": 16.469597910778432,
      "affected_p25": 0.6013888888888889,
      "affected_p50": 0.6238888888888889,
      "affected_p75": 0.6330555555555555,
      "label": "rebuild_3000"
    },
    {
      "n_batches": 79,
      "rebuild_interval": 6000,
      "rebuild_count": 8,
      "avg_affected_ratio": 0.5692756680731363,
      "T_sample": 0.9869908392429352,
      "T_mfg": 0.09591594338417053,
      "T_mail": 0.015017837285995483,
      "T_embed": 0.3349779546260834,
      "T_predict": 0.019186850637197495,
      "T_update": 0.10910210385918617,
      "T_tgl_total": 1.5611915290355682,
      "T_stream_total": 0.31898375340592,
      "T_stream_embed": 0.19069479890953636,
      "speedup": 4.894266596232842,
      "eliminated_pct": 79.5679295286099,
      "avg_sample_ms": 12.493554927125762,
      "avg_mfg_ms": 1.2141258656224119,
      "avg_mail_ms": 0.19009920615184156,
      "avg_embed_ms": 4.240227273747891,
      "avg_predict_ms": 0.24287152705313286,
      "avg_update_ms": 1.3810392893567869,
      "avg_total_ms": 19.76191808905783,
      "affected_p25": 0.6238888888888889,
      "affected_p50": 0.6344444444444445,
      "affected_p75": 0.6413888888888889,
      "label": "rebuild_6000"
    },
    {
      "n_batches": 79,
      "rebuild_interval": 12000,
      "rebuild_count": 4,
      "avg_affected_ratio": 0.606251758087201,
      "T_sample": 0.6995456032454967,
      "T_mfg": 0.15145030990242958,
      "T_mail": 0.01978939399123192,
      "T_embed": 0.3452962785959244,
      "T_predict": 0.018491558730602264,
      "T_update": 0.09735368937253952,
      "T_tgl_total": 1.3319268338382244,
      "T_stream_total": 0.3251817240628889,
      "T_stream_embed": 0.2093364759597471,
      "speedup": 4.0959461595714854,
      "eliminated_pct": 75.58561658182003,
      "avg_sample_ms": 8.855007636018946,
      "avg_mfg_ms": 1.917092530410501,
      "avg_mail_ms": 0.25049865811685973,
      "avg_embed_ms": 4.370838969568664,
      "avg_predict_ms": 0.2340703636785097,
      "avg_update_ms": 1.2323251819308798,
      "avg_total_ms": 16.85983333972436,
      "affected_p25": 0.6316666666666667,
      "affected_p50": 0.6405555555555555,
      "affected_p75": 0.6455555555555555,
      "label": "rebuild_12000"
    },
    {
      "n_batches": 79,
      "rebuild_interval": 30000,
      "rebuild_count": 1,
      "avg_affected_ratio": 0.635773558368495,
      "T_sample": 0.772033080458641,
      "T_mfg": 0.09257467091083527,
      "T_mail": 0.07115017250180244,
      "T_embed": 0.44347725808620453,
      "T_predict": 0.018621262162923813,
      "T_update": 0.05068131163716316,
      "T_tgl_total": 1.4485377557575703,
      "T_stream_total": 0.35125368822905667,
      "T_stream_embed": 0.2819511144289697,
      "speedup": 4.12390760381984,
      "eliminated_pct": 75.751154097785,
      "avg_sample_ms": 9.772570638716974,
      "avg_mfg_ms": 1.1718312773523452,
      "avg_mail_ms": 0.9006350949595247,
      "avg_embed_ms": 5.613636178306386,
      "avg_predict_ms": 0.23571217927751661,
      "avg_update_ms": 0.6415355903438374,
      "avg_total_ms": 18.335920958956585,
      "affected_p25": 0.64,
      "affected_p50": 0.6444444444444445,
      "affected_p75": 0.6477777777777778,
      "label": "rebuild_30000"
    }
  ]
}