{
  "dataset": "LASTFM",
  "num_nodes": 1980,
  "batch_size": 600,
  "test_edges": 193966,
  "gpu": "NVIDIA GeForce RTX 4090",
  "gnn": "transformer_attention_L1",
  "results": [
    {
      "n_batches": 319,
      "rebuild_interval": 0,
      "rebuild_count": 0,
      "avg_affected_ratio": 0.9999669104841518,
      "T_sample": 1.9621935486793518,
      "T_mfg": 0.5577179118990898,
      "T_mail": 0.28575731441378593,
      "T_embed": 2.3643153123557568,
      "T_predict": 0.08259506523609161,
      "T_update": 0.28387174382805824,
      "T_tgl_total": 5.536450896412134,
      "T_stream_total": 2.730703887370908,
      "T_stream_embed": 2.364237078306758,
      "speedup": 2.027481237353263,
      "eliminated_pct": 50.67771866015238,
      "avg_sample_ms": 6.151076955107686,
      "avg_mfg_ms": 1.748332012222852,
      "avg_mail_ms": 0.8957909542751911,
      "avg_embed_ms": 7.41164674719673,
      "avg_predict_ms": 0.25891869979966026,
      "avg_update_ms": 0.8898800746961074,
      "avg_total_ms": 17.35564544329823,
      "affected_p25": 1.0,
      "affected_p50": 1.0,
      "affected_p75": 1.0,
      "label": "no_rebuild"
    },
    {
      "n_batches": 319,
      "rebuild_interval": 3000,
      "rebuild_count": 64,
      "avg_affected_ratio": 0.7955503308951585,
      "T_sample": 1.612987358123064,
      "T_mfg": 0.4538475461304188,
      "T_mail": 0.30423257127404213,
      "T_embed": 1.7929503321647644,
      "T_predict": 0.20479708537459373,
      "T_update": 0.26374536752700806,
      "T_tgl_total": 4.632560260593891,
      "T_stream_total": 1.8949246829338644,
      "T_stream_embed": 1.4263822300322626,
      "speedup": 2.444719994581217,
      "eliminated_pct": 59.09552005070008,
      "avg_sample_ms": 5.056386702580138,
      "avg_mfg_ms": 1.4227195803461403,
      "avg_mail_ms": 0.9537071199813233,
      "avg_embed_ms": 5.620533956629355,
      "avg_predict_ms": 0.6419971328357171,
      "avg_update_ms": 0.8267879859780817,
      "avg_total_ms": 14.522132478350755,
      "affected_p25": 0.9905555555555555,
      "affected_p50": 0.9944444444444445,
      "affected_p75": 0.9972222222222222,
      "label": "rebuild_3000"
    },
    {
      "n_batches": 319,
      "rebuild_interval": 6000,
      "rebuild_count": 32,
      "avg_affected_ratio": 0.8970776732845698,
      "T_sample": 2.1302730962634087,
      "T_mfg": 0.3592434376478195,
      "T_mail": 0.19399426877498627,
      "T_embed": 1.5887571759521961,
      "T_predict": 0.1746114119887352,
      "T_update": 0.23370922729372978,
      "T_tgl_total": 4.6805886179208755,
      "T_stream_total": 1.833559230099825,
      "T_stream_embed": 1.42523859081736,
      "speedup": 2.552733798332792,
      "eliminated_pct": 60.82631096696778,
      "avg_sample_ms": 6.677972088600027,
      "avg_mfg_ms": 1.1261549769524122,
      "avg_mail_ms": 0.6081325039968222,
      "avg_embed_ms": 4.980430018658922,
      "avg_predict_ms": 0.5473711974568501,
      "avg_update_ms": 0.7326308065634163,
      "avg_total_ms": 14.67269159222845,
      "affected_p25": 0.995,
      "affected_p50": 0.9977777777777778,
      "affected_p75": 0.9994444444444445,
      "label": "rebuild_6000"
    },
    {
      "n_batches": 319,
      "rebuild_interval": 12000,
      "rebuild_count": 16,
      "avg_affected_ratio": 0.9483542319749215,
      "T_sample": 0.9954683296382427,
      "T_mfg": 0.6342853792011738,
      "T_mail": 0.18857081979513168,
      "T_embed": 1.7847993597388268,
      "T_predict": 0.1478341966867447,
      "T_update": 0.2470935694873333,
      "T_tgl_total": 3.998051654547453,
      "T_stream_total": 2.0875497922085247,
      "T_stream_embed": 1.6926220260344467,
      "speedup": 1.9151886433892968,
      "eliminated_pct": 47.785822380906225,
      "avg_sample_ms": 3.1205903750415134,
      "avg_mfg_ms": 1.9883554206933345,
      "avg_mail_ms": 0.5911310965364629,
      "avg_embed_ms": 5.594982318930492,
      "avg_predict_ms": 0.4634300836575068,
      "avg_update_ms": 0.7745879921233019,
      "avg_total_ms": 12.53307728698261,
      "affected_p25": 0.9977777777777778,
      "affected_p50": 0.9994444444444445,
      "affected_p75": 1.0,
      "label": "rebuild_12000"
    },
    {
      "n_batches": 319,
      "rebuild_interval": 30000,
      "rebuild_count": 6,
      "avg_affected_ratio": 0.9806931382793451,
      "T_sample": 0.9130293466150761,
      "T_mfg": 0.5234626568853855,
      "T_mail": 0.20419920980930328,
      "T_embed": 1.7862762622535229,
      "T_predict": 0.07531066238880157,
      "T_update": 0.19029690697789192,
      "T_tgl_total": 3.6925750449299812,
      "T_stream_total": 2.017396442829999,
      "T_stream_embed": 1.7517888734633058,
      "speedup": 1.8303665886066725,
      "eliminated_pct": 45.366135602309654,
      "avg_sample_ms": 2.8621609611757868,
      "avg_mfg_ms": 1.6409487676657852,
      "avg_mail_ms": 0.6401229147627062,
      "avg_embed_ms": 5.599612107377815,
      "avg_predict_ms": 0.2360835811561178,
      "avg_update_ms": 0.5965420281438618,
      "avg_total_ms": 11.575470360282074,
      "affected_p25": 1.0,
      "affected_p50": 1.0,
      "affected_p75": 1.0,
      "label": "rebuild_30000"
    }
  ]
}