{
  "dataset": "REDDIT",
  "num_nodes": 10985,
  "batch_size": 600,
  "test_edges": 100867,
  "gpu": "NVIDIA GeForce RTX 4090",
  "gnn": "transformer_attention_L1",
  "results": [
    {
      "n_batches": 164,
      "rebuild_interval": 0,
      "rebuild_count": 0,
      "avg_affected_ratio": 0.9998306233062331,
      "T_sample": 0.45745110139250755,
      "T_mfg": 0.3146427236497402,
      "T_mail": 0.1427021659910679,
      "T_embed": 1.0035169497132301,
      "T_predict": 0.042583853006362915,
      "T_update": 0.1825849413871765,
      "T_tgl_total": 2.143481735140085,
      "T_stream_total": 1.228515771723688,
      "T_stream_embed": 1.0033469773301487,
      "speedup": 1.7447734774561665,
      "eliminated_pct": 42.68596967338284,
      "avg_sample_ms": 2.789335984100656,
      "avg_mfg_ms": 1.918553192986221,
      "avg_mail_ms": 0.8701351584821213,
      "avg_embed_ms": 6.11900579093433,
      "avg_predict_ms": 0.2596576402827007,
      "avg_update_ms": 1.1133228133364421,
      "avg_total_ms": 13.07001058012247,
      "affected_p25": 1.0,
      "affected_p50": 1.0,
      "affected_p75": 1.0,
      "label": "no_rebuild"
    },
    {
      "n_batches": 164,
      "rebuild_interval": 3000,
      "rebuild_count": 33,
      "avg_affected_ratio": 0.7940243902439023,
      "T_sample": 0.33685970306396484,
      "T_mfg": 0.3184337392449379,
      "T_mail": 0.11243683099746704,
      "T_embed": 0.9939001575112343,
      "T_predict": 0.08120272308588028,
      "T_update": 0.11964567750692368,
      "T_tgl_total": 1.962478831410408,
      "T_stream_total": 0.9900293671239802,
      "T_stream_embed": 0.7891809665311762,
      "speedup": 1.9822430491242682,
      "eliminated_pct": 49.55209955500723,
      "avg_sample_ms": 2.054022579658322,
      "avg_mfg_ms": 1.9416691417374263,
      "avg_mail_ms": 0.6855904329113844,
      "avg_embed_ms": 6.060366814092892,
      "avg_predict_ms": 0.495138555401709,
      "avg_update_ms": 0.7295468140666078,
      "avg_total_ms": 11.966334337868341,
      "affected_p25": 0.9822222222222222,
      "affected_p50": 0.995,
      "affected_p75": 0.9977777777777778,
      "label": "rebuild_3000"
    },
    {
      "n_batches": 164,
      "rebuild_interval": 6000,
      "rebuild_count": 16,
      "avg_affected_ratio": 0.8995630081300812,
      "T_sample": 0.47083282098174095,
      "T_mfg": 0.24879521504044533,
      "T_mail": 0.2218690738081932,
      "T_embed": 1.138999793678522,
      "T_predict": 0.15069061517715454,
      "T_update": 0.15207355096936226,
      "T_tgl_total": 2.3832610696554184,
      "T_stream_total": 1.32736624680751,
      "T_stream_embed": 1.0246020806609932,
      "speedup": 1.7954811457557203,
      "eliminated_pct": 44.30462261528796,
      "avg_sample_ms": 2.870931835254518,
      "avg_mfg_ms": 1.517043994149057,
      "avg_mail_ms": 1.3528602061475197,
      "avg_embed_ms": 6.94512069316172,
      "avg_predict_ms": 0.9188452144948448,
      "avg_update_ms": 0.9272777498131846,
      "avg_total_ms": 14.532079693020842,
      "affected_p25": 0.9944444444444445,
      "affected_p50": 0.9983333333333333,
      "affected_p75": 0.9994444444444445,
      "label": "rebuild_6000"
    },
    {
      "n_batches": 164,
      "rebuild_interval": 12000,
      "rebuild_count": 8,
      "avg_affected_ratio": 0.9495155826558266,
      "T_sample": 0.23816899955272675,
      "T_mfg": 0.310843538492918,
      "T_mail": 0.03814186900854111,
      "T_embed": 0.7731774710118771,
      "T_predict": 0.12009010091423988,
      "T_update": 0.14107416570186615,
      "T_tgl_total": 1.621496144682169,
      "T_stream_total": 0.995308323500307,
      "T_stream_embed": 0.7341440568842009,
      "speedup": 1.6291395403784834,
      "eliminated_pct": 38.61790379431348,
      "avg_sample_ms": 1.452249997272724,
      "avg_mfg_ms": 1.8953874298348659,
      "avg_mail_ms": 0.23257237200329944,
      "avg_embed_ms": 4.714496774462665,
      "avg_predict_ms": 0.7322567128917067,
      "avg_update_ms": 0.8602083274504034,
      "avg_total_ms": 9.887171613915664,
      "affected_p25": 0.9981944444444444,
      "affected_p50": 0.9994444444444445,
      "affected_p75": 1.0,
      "label": "rebuild_12000"
    },
    {
      "n_batches": 164,
      "rebuild_interval": 30000,
      "rebuild_count": 3,
      "avg_affected_ratio": 0.9809485094850949,
      "T_sample": 0.5647967867553234,
      "T_mfg": 0.35126932337880135,
      "T_mail": 0.04188690707087517,
      "T_embed": 0.7429073266685009,
      "T_predict": 0.10820546373724937,
      "T_update": 0.15939640626311302,
      "T_tgl_total": 1.9684622138738632,
      "T_stream_total": 0.9963557047813849,
      "T_stream_embed": 0.7287538347810225,
      "speedup": 1.9756621098544047,
      "eliminated_pct": 49.384057374380966,
      "avg_sample_ms": 3.4438828460690454,
      "avg_mfg_ms": 2.141886118163423,
      "avg_mail_ms": 0.25540796994436077,
      "avg_embed_ms": 4.52992272358842,
      "avg_predict_ms": 0.6597894130320083,
      "avg_update_ms": 0.9719293064823965,
      "avg_total_ms": 12.002818377279654,
      "affected_p25": 0.9994444444444445,
      "affected_p50": 1.0,
      "affected_p75": 1.0,
      "label": "rebuild_30000"
    }
  ]
}