{
  "dataset": "Stack-Overflow",
  "method": "TGAT",
  "config": "config/TGAT.yml",
  "use_memory": false,
  "num_nodes": 2584164,
  "batch_size": 600,
  "test_edges": 50000,
  "gpu": "NVIDIA GeForce RTX 4090",
  "n_batches": 79,
  "tgl": {
    "per_batch_ms": 37.35767191723932,
    "stages_ms": {
      "sample": 9.895294150219687,
      "mfg": 14.125521330139305,
      "mail": 0.008902689324149603,
      "embed": 13.006306052962435,
      "predict": 0.3102253886717784,
      "update": 0.011422305921965008
    },
    "recompute_ms": 37.03602422264557,
    "fixed_ms": 0.3216476945937434,
    "ap": 0.9701062314436536,
    "auc": 0.9644941468253967
  },
  "dirty_tracking": {
    "avg_dirty_per_batch": 612.9047619047619,
    "global_affected_ratio": 0.00023717719227756516,
    "batch_root_affected_ratio": 0.1328430201918313
  },
  "streamtgn_c1_inference": {
    "per_batch_ms": 5.241625008227803,
    "speedup": 7.127116468385054,
    "batch_root_affected": 0.1328430201918313
  },
  "streamtgn_c2_index": {
    "per_node_ms": 0.020575569012580872,
    "tgl_refresh_ms": 53170.64472182704,
    "stream_refresh_ms": 12.610864226710877,
    "speedup": 4216.257011887188
  }
}