{
  "dataset": "GDELT",
  "method": "TGAT",
  "config": "config/TGAT.yml",
  "use_memory": false,
  "num_nodes": 16682,
  "batch_size": 600,
  "test_edges": 50000,
  "gpu": "NVIDIA GeForce RTX 4090",
  "n_batches": 79,
  "tgl": {
    "per_batch_ms": 44.94987456481668,
    "stages_ms": {
      "sample": 15.977959278263624,
      "mfg": 20.035896308814422,
      "mail": 0.007919306996502453,
      "embed": 8.694638651383073,
      "predict": 0.22469281773023966,
      "update": 0.008768201628817788
    },
    "recompute_ms": 44.71641354545763,
    "fixed_ms": 0.23346101935905744,
    "ap": 0.9555416502324012,
    "auc": 0.9642735615079364
  },
  "dirty_tracking": {
    "avg_dirty_per_batch": 296.76190476190476,
    "global_affected_ratio": 0.017789348085475647,
    "batch_root_affected_ratio": 0.16473705283119106
  },
  "streamtgn_c1_inference": {
    "per_batch_ms": 7.599911200018498,
    "speedup": 5.914526286137037,
    "batch_root_affected": 0.16473705283119106
  },
  "streamtgn_c2_index": {
    "per_node_ms": 0.02484245196969868,
    "tgl_refresh_ms": 414.4217837585134,
    "stream_refresh_ms": 7.372293365483913,
    "speedup": 56.213414634146346
  }
}