dataset,batch_size,full_auc,incr_auc,auc_diff,full_ms,incr_ms,speedup
REDDIT,1,1.000000,1.000000,0.00000000,94.6644,0.5234,180.86
REDDIT,5,0.960000,1.000000,0.04000000,97.6184,0.4839,201.72
REDDIT,10,0.980000,0.970000,0.01000000,90.1119,0.4881,184.61
REDDIT,20,0.997500,1.000000,0.00250000,90.4961,0.5072,178.42
REDDIT,50,0.995200,0.990000,0.00520000,96.1265,0.5042,190.66
REDDIT,100,0.967300,0.972600,0.00530000,96.4125,0.5314,181.43
